Square,Hashtag
Nerdiest IA Talk,#IAnerd
Best Poster at Poster Night ,#bestposter
IA Summit first timer,#firsttimer
IA Summit second timer,#2ndtimer
Karaoke time!,#karaoke
Responsive Web Design quote/tweet,#RWD
mobile first quote/tweet,#mobilefirst
Surprising IA Summit finding,#wow
Overstuffed power strip,#power
PC spotted amidst Macs,#lonely
Someone dissing @iasBingo,#hater
Someone using the command line,#hacker
Wireframe defender,#wireframe
Last person at the hotel bar,#zzzzz
Richard Saul Wurman reference,#banana
"""hashtag ___"" said outloud",#DB
IA Fashion statement,#fashion
Group selfie,#selvies
Your favorite person at the summit,#lurb
Having to sit on the floor,#floorseat
Person who needs to be hired,#hirethem
Someone mentioning @iasBingo,#bingo
What's the wifi password,#wifi
Free swag,#swag
Job board,#board
Photo of Peter and Lou together,#PolarBears
Polar bear book reference,#polarbear
Reception food,#noms
Someone's fifth or more Summit,#veteran
Game night shenanigans!,#gamenight
I have no idea what I'm doing,#derp
Children at the Summit,#kids
Spouses at the Summit,#spouses
Newlywed (within the past year),#hooked
A birthday IA,#birthday
IA Slam button,#slamflack
IA Slam winner wearing their medal,#slamwin
Selfie with ASIST staff,#grateful
IA who can code AND design AND do research,#unicorn
Someone playing the piano/keyboard,#IAkeys
Someone playing the ukelele/banjo,#IAchords
Students at the Summit,#student
Defining the Damn Thing,#DTDT
Out to dinner,#gottaeat
Doing the Damn Thing,#justdoit
Lunch table topics,#tabletopic
A snappy dresser,#snappy
Fabulous shoes,#uxboots
An Elvis or Prince reference,#elvisprince
Keyboard Man sighting,#keyboardman
A raspberry beret,#prince
A Mall of America reference,#shopping
Someone playing the guitar,#guitar
Cell phone ringing in a session,#shame
IAs outside the hotel,#posse
A funny hat,#funnyhat
An IA wearing pink,#pink
An IA wearing green,#green
An IA wearing yellow,#yellow
An IA wearing purple,#purple
An IA wearing white,#white
An IA wearing orange,#orange
An IA NOT wearing black,#imaginary
IA with coffee,#coffee
IA with tea,#tea
Context! Context! Context!,#context
The Mentoring Booth,#booth
IA from Europe,#europe
IA from South America,#latin
IA from Africa,#africa
IA from Antarctica,#yeahright
IA from Asia,#asia
IA from Australia,#downunder
IAs at breakfast,#brekkie
Speaker studio in use,#studio
Buying books from the bookcart,#books
Decorated name badge,#badge
Healthy break snacks,#healthy
Junk food at break,#junky
IA wearing a tie,#necktie
IA asleep,#tuckered
IAs hugging,#hug
Internet of THINGS!,#IoT
Android phone,#android
Cracked device,#clumsy
IA with a MLIS/MLS,#librarian
IA with an MBA,#mba
IAs doing yoga,#yoga
Polar Bear Fun Run,#funrun
Sketchnoting,#sketch
IA yawning,#yawn
Minneapolis Sculpture Garden,#art
Acquia sponsorship,#acquia
Balsamiq sponsorship,#balsamiq
CX partners sponsorship,#cxpartners
evantage sponsorship,#evantage
FatDUX sponsorship,#fatdux
GatherContent sponsorship,#gather
GoToResearch sponsorship,#goto
Kent State sponsorship,#kentstate
Marriot sponsorship,#marriot
SapientNitro sponsorship,#sapientnitro
Target sponsorship,#target
Thomson Reuters sponsorship,#treuters
UIE sponsorship,#uie
Walt Disney Parks & Resorts Online sponsorship,#wdpro
Selfie with a speaker,#speaker
Cardsorting,#cardsort
Wayfinding,#wayfinding
Person or company that is hiring,#hiring
Agency or independent IA,#outie
In-House IA,#innie
Elevator UX critique,#elevator
IAs working out,#gym
IAs in the bar,#cocktails
IA who teaches,#prof
selfie with a summit volunteer,#volunteer